title,price,rating,reviews,availability
Taito Re: Zero -Starting Life in Another World-: Rem Precious Figure (Fluffy Parka Version),$31.66,5.0 out of 5 stars,87 ratings,Only 1 left in stock - order soon
Square Enix NieR Replicant Ver. 1.22474487139. Kainé Nendoroid Action Figure,$50.06,5.0 out of 5 stars,86 ratings,Only 3 left in stock - order soon
"Funko Pop! Star Wars: The Mandalorian Action Figure, The Mandalorian Vinyl Bobblehead",$8.78,4.5 out of 5 stars,"31,273 ratings",In Stock
"Funko Pop! Games: Pokémon - Mewtwo Vinyl Figure Multicolor, 3.75 inches",$14.00,4.9 out of 5 stars,"7,844 ratings",In Stock
"Funko Pop! Games: Pokemon - Psyduck Collectible Vinyl Figure, 3.5",$12.00,4.9 out of 5 stars,"7,642 ratings",In Stock
"Funko Pop! Deluxe, Marvel: Avengers Victory Shawarma Series - Bruce Banner, Amazon Exclusive, Figure 1 of 6",$5.85,4.9 out of 5 stars,"6,695 ratings",In Stock
"Funko 42937 POP. Vinyl: Animation: My Hero Academia-Kirishima Collectible Figure, Multicolour, One-Size",$6.40,4.9 out of 5 stars,"7,007 ratings",In Stock
Funko POP Rocks: Slash Action Figure,$18.85,4.9 out of 5 stars,"6,791 ratings",In Stock
"Banpresto Dragon Ball Super World Figure Colosseum 3 Super Master Stars Piece The Bardock [Two Dimensions], Multicolor (BP17685)",$84.99,5.0 out of 5 stars,75 ratings,Only 16 left in stock - order soon
Funko Pop! Games: Pokemon - Vaporeon Vinyl Figure,$11.30,4.9 out of 5 stars,"5,018 ratings",In Stock
"Funko POP! Animation: My Hero Academia - Tsuyu Collectible Figure, Multicolor",$11.93,4.4 out of 5 stars,"4,982 ratings",In Stock
"Funko Pop! Star Wars: The Mandalorian - The Child with Necklace Vinyl Figure, Fall Convention Exclusive Action Figure",$16.09,4.9 out of 5 stars,"5,051 ratings",
Fisher-Price Little People Farmer & Animals Figure Pack,$21.72,4.9 out of 5 stars,"4,549 ratings",In Stock
Funko Pop! TV: Stranger Things - Eleven in Mall Outfit Vinyl Figure,$14.92,4.9 out of 5 stars,"4,366 ratings",In Stock
"Funko Pop! Rides: Harry Potter - Gringotts Dragon with Harry, Ron, and Hermione, Vinyl Figure",$28.95,4.9 out of 5 stars,"4,248 ratings",In Stock
Funko Pop! Games: Pokemon - Jolteon Vinyl Figure,$15.19,4.9 out of 5 stars,"4,063 ratings",In Stock
Funko Pop! Star Wars: Clone Wars - Ahsoka Tano Vinyl Figure,$10.95,4.9 out of 5 stars,"3,745 ratings",In Stock
Funko Pop! Games: Pokemon - Flareon Vinyl Figure,$12.99,4.9 out of 5 stars,"3,673 ratings",In Stock
Funko Pop! Star Wars: Clone Wars - Darth Maul Vinyl Figure,$10.74,4.9 out of 5 stars,"3,619 ratings",Only 6 left in stock - order soon
Funko POP Movies: Harry Potter Action Figure - Dumbledore,$13.47,4.9 out of 5 stars,"3,641 ratings",In Stock
"Funko POP! Animation: My Hero Academia - Shota Aizawa Collectible Figure, Multicolor",$11.79,4.9 out of 5 stars,"3,510 ratings",In Stock
Funko POP Movies: Harry Potter - Voldemort Action Figure,$15.97,4.9 out of 5 stars,"3,524 ratings",In Stock
"Funko Harry Potter POP! Movie Vinyl Collectors Set: Harry Potter, Ron Weasley & Hermione Action Figure",$29.99,4.9 out of 5 stars,"3,370 ratings",In Stock
Funko Pop! Games: Pokemon - Eevee Vinyl Figure,$11.99,4.9 out of 5 stars,"3,211 ratings",In Stock
Funko Pop! Disney: The Nightmare Before Christmas - Jack Skellington (Scary Face) Vinyl Figure,$12.99,4.9 out of 5 stars,"3,209 ratings",In Stock
Funko POP Disney: Beauty & The Beast-Winter Beast Action Figure,$14.52,4.9 out of 5 stars,"3,170 ratings",Only 6 left in stock - order soon
"Funko Pop Disney: Nightmare Before Christmas - Sally with Basket Collectible Figure, Multicolor",$13.45,4.9 out of 5 stars,"3,069 ratings",In Stock
"Funko Pop Animation: Full Metal Alchemistfull Metal Alchemist- Alphonse Collectible Figure, Multicolor - 30695,3 x 3 x 3.8 inches",$19.79,4.9 out of 5 stars,"2,988 ratings",In Stock
"Funko POP! TV: Mr. Rogers Mr Rogers Collectible Figure, Multicolor",$32.40,4.9 out of 5 stars,"2,992 ratings",Only 11 left in stock - order soon
"Funko POP! Games: Halo Master Chief with Cortana Collectible Figure, Multicolor",$14.66,4.9 out of 5 stars,"2,878 ratings",Only 16 left in stock - order soon
Funko POP Movies: Harry Potter Action Figure - Sirius Black,$13.94,4.9 out of 5 stars,"2,806 ratings",Only 6 left in stock - order soon
"Funko Pop Marvel: Holiday, Guardians of The Galaxy - Groot Collectible Figure, Multicolor",$22.99,4.9 out of 5 stars,"2,444 ratings",Only 1 left in stock - order soon
"Funko POP Marvel: Captain America 3: Civil War Action Figure - Black Panther,Multi-colored,3.75 inches",$11.00,4.9 out of 5 stars,"2,393 ratings",In Stock
"TAMASHII NATIONS - Demon Slayer: Kimetsu no Yaiba - Nezuko Kamado Demon Form Advancing Ver, Bandai Spirits FiguartsZERO Figure",$75.98,4.9 out of 5 stars,"2,377 ratings",In Stock
Funko Pop! Animation: My Hero Academia - Kai Chisaki (Overhaul) Vinyl Figure,$7.97,4.9 out of 5 stars,"2,265 ratings",In Stock
"Funko POP Disney: Moana - Moana & Pua Action Figure , Brown , Standard",$15.20,4.9 out of 5 stars,"2,332 ratings",In Stock
TUBBZ Lord of The Rings Gandalf The White Duck Vinyl Figure – Official Lord of The Rings Merchandise – TV & Movies,$16.99,4.9 out of 5 stars,"2,198 ratings",Temporarily out of stock.
Funko Pop! Disney: Onward - Manticore Vinyl Figure,$9.92,4.9 out of 5 stars,"2,173 ratings",In Stock
Funko POP Disney: Lilo & Stitch - Stitch 626 Vinyl Figure,$17.95,4.9 out of 5 stars,"2,096 ratings",Only 6 left in stock - order soon
"Funko Pop! Disney: Onward - Warrior Barley, Amazon Exclusive Vinyl Figure",$5.66,4.9 out of 5 stars,"2,022 ratings",In Stock
"Funko Pop Animation: Dragonball Z - Master Roshi Collectible Figure, Multicolor",$16.95,4.9 out of 5 stars,"2,016 ratings",Only 17 left in stock - order soon
"Funko Pop Animation: Full Metal Alchemist - Colonel Mustang Collectible Figure, Multicolor - 30698",$13.00,4.9 out of 5 stars,"1,795 ratings",In Stock
"Funko Pop! TV: Seinfeld - Kramer in Underwear, Amazon Exclusive Vinyl Figure",$6.82,4.9 out of 5 stars,"1,644 ratings",In Stock
"Transformers Toys Generations War for Cybertron Commander WFC-S28 Jetfire Action Figure - Siege Chapter - Adults and Kids Ages 8 and Up, 11-inch",$118.00,4.9 out of 5 stars,"1,627 ratings",Only 9 left in stock - order soon
"Funko 42932 POP! Vinyl MHA S3 - Teacher All Might My Hero Academia Collectible Figure, Standard, Multicolor",$15.49,4.9 out of 5 stars,"1,468 ratings",In Stock
"SEGA Demon Slayer: Kimetsu no Yaiba SPM Figure Nezuko Kamado, Multiple Colors (SG94459)",$24.89,4.9 out of 5 stars,"1,402 ratings",
Funko POP Disney: Moana - Maui Action Figure,$14.90,4.9 out of 5 stars,"1,395 ratings",Only 15 left in stock - order soon
Funko Pop! Animation: Dragon Ball Super - Whis Collectible Figure,$13.95,4.9 out of 5 stars,"1,383 ratings",Only 1 left in stock - order soon
FOUONTOS Zenitsu Agatsuma Ghost Slayer Figure Eat Rice Balls Series Action Figure Toys Collection Anime Sitting Pose Character Action Figure (Onigiri My Wife Kindness),$15.99,4.4 out of 5 stars,14 ratings,In Stock
"LCDGTJ The Quintessential Quintuplets Anime Figure 5 Pack/Set, PVC Girl Model Desktop Display Statue Home Decorations Collectable Gifts, Cake Toppers 17cm/6.69in, Multiple Colors Toys",$46.99,4.1 out of 5 stars,8 ratings,Only 2 left in stock - order soon
JCAMZ Figure Kimetsu No Yaiba Kanroji Mitsuri Naked VER. PVC Action Figure Model Toy,$39.99,4.6 out of 5 stars,7 ratings,In Stock
Hantai Anime Girl Figurine Momo Nekoyanagi 1/6 Model Toys Action Figure Collection Animation Character with Retail Box (Soft Ver.),$88.99,Previous page,,In stock
